Workbook

Sheet CALCULATIONS
A1: Segment | B1: Length(m) | C1: OD(mm) | D1: Thickness(mm) | E1: ID (m) | F1: Mass Flow (Kg/s) | G1: Density (kg/m³) | H1: Velocity (m/s) | I1: Reynolds No. | J1: Friction Factor | K1: Total K | L1: Elevation Change (m) | M1: Major Loss (pa) | N1: Minor Loss (pa) | O1: Elevation Loss (pa) | P1: Segment Pressure Loss (pa) | Q1: Segment Pressure Loss (bar) | R1: Inlet Pressure (bar) | S1: Outlet Pressure (bar)
A2: S1 | B2: 1.3 | C2: 219.1 | D2: 6.35 | E2: =(C2-2*D2)/1000 -> 0.2064 | F2: =SETTINGS!$B$6 -> 1.3888889 | G2: =SETTINGS!$B$17 -> 4.4 | H2: =4*F2/(G2*PI()*E2^2) -> 9.4342104 | I2: =G2*H2*E2/SETTINGS!$B$18 -> 428388.63 | J2: =IF(I2<2300,64/I2,0.25/(LOG10(SETTINGS!$B$16/(3.7*E2)+5.74/(I2^0.9))^2)) -> 0.015887247 | K2: 0 | L2: 0 | M2: =J2*(B2/E2)*(G2*H2^2/2) -> 19.593684 | N2: =K2*(G2*H2^2/2) -> 0 | O2: =G2*SETTINGS!$B$9*L2 -> 0 | P2: =M2+N2+O2 -> 19.593684 | Q2: =P2/100000 -> 0.00019593684 | R2: =SETTINGS!$B$3*0.980665 -> 10.787315 | S2: =R2-Q2 -> 10.787119
A3: S2 | B3: 1.1 | C3: 219.1 | D3: 6.35 | E3: =(C3-2*D3)/1000 -> 0.2064 | F3: =SETTINGS!$B$6 -> 1.3888889 | G3: =SETTINGS!$B$17 -> 4.4 | H3: =4*F3/(G3*PI()*E3^2) -> 9.4342104 | I3: =G3*H3*E3/SETTINGS!$B$18 -> 428388.63 | J3: =IF(I3<2300,64/I3,0.25/(LOG10(SETTINGS!$B$16/(3.7*E3)+5.74/(I3^0.9))^2)) -> 0.015887247 | K3: 0.3 | L3: 0 | M3: =J3*(B3/E3)*(G3*H3^2/2) -> 16.579271 | N3: =K3*(G3*H3^2/2) -> 58.742856 | O3: =G3*SETTINGS!$B$9*L3 -> 0 | P3: =M3+N3+O3 -> 75.322127 | Q3: =P3/100000 -> 0.00075322127 | R3: =S2 -> 10.787119 | S3: =R3-Q3 -> 10.786366
A4: S3 | B4: 2 | C4: 219.1 | D4: 6.35 | E4: =(C4-2*D4)/1000 -> 0.2064 | F4: =SETTINGS!$B$6 -> 1.3888889 | G4: =SETTINGS!$B$17 -> 4.4 | H4: =4*F4/(G4*PI()*E4^2) -> 9.4342104 | I4: =G4*H4*E4/SETTINGS!$B$18 -> 428388.63 | J4: =IF(I4<2300,64/I4,0.25/(LOG10(SETTINGS!$B$16/(3.7*E4)+5.74/(I4^0.9))^2)) -> 0.015887247 | K4: =0 -> 0 | L4: 0 | M4: =J4*(B4/E4)*(G4*H4^2/2) -> 30.14413 | N4: =K4*(G4*H4^2/2) -> 0 | O4: =G4*SETTINGS!$B$9*L4 -> 0 | P4: =M4+N4+O4 -> 30.14413 | Q4: =P4/100000 -> 0.0003014413 | R4: =S3 -> 10.786366 | S4: =R4-Q4 -> 10.786064
A5: S4 | B5: 3 | C5: 219.1 | D5: 6.35 | E5: =(C5-2*D5)/1000 -> 0.2064 | F5: =SETTINGS!$B$6 -> 1.3888889 | G5: =SETTINGS!$B$17 -> 4.4 | H5: =4*F5/(G5*PI()*E5^2) -> 9.4342104 | I5: =G5*H5*E5/SETTINGS!$B$18 -> 428388.63 | J5: =IF(I5<2300,64/I5,0.25/(LOG10(SETTINGS!$B$16/(3.7*E5)+5.74/(I5^0.9))^2)) -> 0.015887247 | K5: 0.6 | L5: 0 | M5: =J5*(B5/E5)*(G5*H5^2/2) -> 45.216194 | N5: =K5*(G5*H5^2/2) -> 117.48571 | O5: =G5*SETTINGS!$B$9*L5 -> 0 | P5: =M5+N5+O5 -> 162.70191 | Q5: =P5/100000 -> 0.0016270191 | R5: =S4 -> 10.786064 | S5: =R5-Q5 -> 10.784437
A6: S5 | B6: 5 | C6: 219.1 | D6: 6.35 | E6: =(C6-2*D6)/1000 -> 0.2064 | F6: =SETTINGS!$B$6 -> 1.3888889 | G6: =SETTINGS!$B$17 -> 4.4 | H6: =4*F6/(G6*PI()*E6^2) -> 9.4342104 | I6: =G6*H6*E6/SETTINGS!$B$18 -> 428388.63 | J6: =IF(I6<2300,64/I6,0.25/(LOG10(SETTINGS!$B$16/(3.7*E6)+5.74/(I6^0.9))^2)) -> 0.015887247 | K6: 0.15 | L6: 0 | M6: =J6*(B6/E6)*(G6*H6^2/2) -> 75.360324 | N6: =K6*(G6*H6^2/2) -> 29.371428 | O6: =G6*SETTINGS!$B$9*L6 -> 0 | P6: =M6+N6+O6 -> 104.73175 | Q6: =P6/100000 -> 0.0010473175 | R6: =S5 -> 10.784437 | S6: =R6-Q6 -> 10.78339
A7: S6 | B7: 5 | C7: 219.1 | D7: 6.35 | E7: =(C7-2*D7)/1000 -> 0.2064 | F7: =SETTINGS!$B$6 -> 1.3888889 | G7: =SETTINGS!$B$17 -> 4.4 | H7: =4*F7/(G7*PI()*E7^2) -> 9.4342104 | I7: =G7*H7*E7/SETTINGS!$B$18 -> 428388.63 | J7: =IF(I7<2300,64/I7,0.25/(LOG10(SETTINGS!$B$16/(3.7*E7)+5.74/(I7^0.9))^2)) -> 0.015887247 | K7: 0.55 | L7: 0 | M7: =J7*(B7/E7)*(G7*H7^2/2) -> 75.360324 | N7: =K7*(G7*H7^2/2) -> 107.69524 | O7: =G7*SETTINGS!$B$9*L7 -> 0 | P7: =M7+N7+O7 -> 183.05556 | Q7: =P7/100000 -> 0.0018305556 | R7: =S6 -> 10.78339 | S7: =R7-Q7 -> 10.78156
A8: S7 | B8: 4 | C8: 219.1 | D8: 6.35 | E8: =(C8-2*D8)/1000 -> 0.2064 | F8: =SETTINGS!$B$6 -> 1.3888889 | G8: =SETTINGS!$B$17 -> 4.4 | H8: =4*F8/(G8*PI()*E8^2) -> 9.4342104 | I8: =G8*H8*E8/SETTINGS!$B$18 -> 428388.63 | J8: =IF(I8<2300,64/I8,0.25/(LOG10(SETTINGS!$B$16/(3.7*E8)+5.74/(I8^0.9))^2)) -> 0.015887247 | K8: 0.3 | L8: 0 | M8: =J8*(B8/E8)*(G8*H8^2/2) -> 60.288259 | N8: =K8*(G8*H8^2/2) -> 58.742856 | O8: =G8*SETTINGS!$B$9*L8 -> 0 | P8: =M8+N8+O8 -> 119.03111 | Q8: =P8/100000 -> 0.0011903111 | R8: =S7 -> 10.78156 | S8: =R8-Q8 -> 10.780369
A9: S8 | B9: 3.06 | C9: 219.1 | D9: 6.35 | E9: =(C9-2*D9)/1000 -> 0.2064 | F9: =SETTINGS!$B$6 -> 1.3888889 | G9: =SETTINGS!$B$17 -> 4.4 | H9: =4*F9/(G9*PI()*E9^2) -> 9.4342104 | I9: =G9*H9*E9/SETTINGS!$B$18 -> 428388.63 | J9: =IF(I9<2300,64/I9,0.25/(LOG10(SETTINGS!$B$16/(3.7*E9)+5.74/(I9^0.9))^2)) -> 0.015887247 | K9: 0.3 | L9: 0 | M9: =J9*(B9/E9)*(G9*H9^2/2) -> 46.120518 | N9: =K9*(G9*H9^2/2) -> 58.742856 | O9: =G9*SETTINGS!$B$9*L9 -> 0 | P9: =M9+N9+O9 -> 104.86337 | Q9: =P9/100000 -> 0.0010486337 | R9: =S8 -> 10.780369 | S9: =R9-Q9 -> 10.779321
A10: S9 | B10: 5 | C10: 219.1 | D10: 6.35 | E10: =(C10-2*D10)/1000 -> 0.2064 | F10: =SETTINGS!$B$6 -> 1.3888889 | G10: =SETTINGS!$B$17 -> 4.4 | H10: =4*F10/(G10*PI()*E10^2) -> 9.4342104 | I10: =G10*H10*E10/SETTINGS!$B$18 -> 428388.63 | J10: =IF(I10<2300,64/I10,0.25/(LOG10(SETTINGS!$B$16/(3.7*E10)+5.74/(I10^0.9))^2)) -> 0.015887247 | K10: 0.4 | L10: 0 | M10: =J10*(B10/E10)*(G10*H10^2/2) -> 75.360324 | N10: =K10*(G10*H10^2/2) -> 78.323808 | O10: =G10*SETTINGS!$B$9*L10 -> 0 | P10: =M10+N10+O10 -> 153.68413 | Q10: =P10/100000 -> 0.0015368413 | R10: =S9 -> 10.779321 | S10: =R10-Q10 -> 10.777784
A11: S10 | B11: 4.5 | C11: 219.1 | D11: 6.35 | E11: =(C11-2*D11)/1000 -> 0.2064 | F11: =SETTINGS!$B$6 -> 1.3888889 | G11: =SETTINGS!$B$17 -> 4.4 | H11: =4*F11/(G11*PI()*E11^2) -> 9.4342104 | I11: =G11*H11*E11/SETTINGS!$B$18 -> 428388.63 | J11: =IF(I11<2300,64/I11,0.25/(LOG10(SETTINGS!$B$16/(3.7*E11)+5.74/(I11^0.9))^2)) -> 0.015887247 | K11: 1.1 | L11: 0 | M11: =J11*(B11/E11)*(G11*H11^2/2) -> 67.824291 | N11: =K11*(G11*H11^2/2) -> 215.39047 | O11: =G11*SETTINGS!$B$9*L11 -> 0 | P11: =M11+N11+O11 -> 283.21476 | Q11: =P11/100000 -> 0.0028321476 | R11: =S10 -> 10.777784 | S11: =R11-Q11 -> 10.774952
A12: S11 | B12: 1.1 | C12: 219.1 | D12: 6.35 | E12: =(C12-2*D12)/1000 -> 0.2064 | F12: =SETTINGS!$B$6 -> 1.3888889 | G12: =SETTINGS!$B$17 -> 4.4 | H12: =4*F12/(G12*PI()*E12^2) -> 9.4342104 | I12: =G12*H12*E12/SETTINGS!$B$18 -> 428388.63 | J12: =IF(I12<2300,64/I12,0.25/(LOG10(SETTINGS!$B$16/(3.7*E12)+5.74/(I12^0.9))^2)) -> 0.015887247 | K12: 0.3 | L12: 0 | M12: =J12*(B12/E12)*(G12*H12^2/2) -> 16.579271 | N12: =K12*(G12*H12^2/2) -> 58.742856 | O12: =G12*SETTINGS!$B$9*L12 -> 0 | P12: =M12+N12+O12 -> 75.322127 | Q12: =P12/100000 -> 0.00075322127 | R12: =S11 -> 10.774952 | S12: =R12-Q12 -> 10.774198
A13: S12 | B13: 3.6 | C13: 219.1 | D13: 6.35 | E13: =(C13-2*D13)/1000 -> 0.2064 | F13: =SETTINGS!$B$6 -> 1.3888889 | G13: =SETTINGS!$B$17 -> 4.4 | H13: =4*F13/(G13*PI()*E13^2) -> 9.4342104 | I13: =G13*H13*E13/SETTINGS!$B$18 -> 428388.63 | J13: =IF(I13<2300,64/I13,0.25/(LOG10(SETTINGS!$B$16/(3.7*E13)+5.74/(I13^0.9))^2)) -> 0.015887247 | K13: 0.15 | L13: 0 | M13: =J13*(B13/E13)*(G13*H13^2/2) -> 54.259433 | N13: =K13*(G13*H13^2/2) -> 29.371428 | O13: =G13*SETTINGS!$B$9*L13 -> 0 | P13: =M13+N13+O13 -> 83.630861 | Q13: =P13/100000 -> 0.00083630861 | R13: =S12 -> 10.774198 | S13: =R13-Q13 -> 10.773362
A14: S13 | B14: 3.4 | C14: 219.1 | D14: 6.35 | E14: =(C14-2*D14)/1000 -> 0.2064 | F14: =SETTINGS!$B$6 -> 1.3888889 | G14: =SETTINGS!$B$17 -> 4.4 | H14: =4*F14/(G14*PI()*E14^2) -> 9.4342104 | I14: =G14*H14*E14/SETTINGS!$B$18 -> 428388.63 | J14: =IF(I14<2300,64/I14,0.25/(LOG10(SETTINGS!$B$16/(3.7*E14)+5.74/(I14^0.9))^2)) -> 0.015887247 | K14: 0.6 | L14: 0 | M14: =J14*(B14/E14)*(G14*H14^2/2) -> 51.24502 | N14: =K14*(G14*H14^2/2) -> 117.48571 | O14: =G14*SETTINGS!$B$9*L14 -> 0 | P14: =M14+N14+O14 -> 168.73073 | Q14: =P14/100000 -> 0.0016873073 | R14: =S13 -> 10.773362 | S14: =R14-Q14 -> 10.771675
A15: S14 | B15: 3.6 | C15: 219.1 | D15: 6.35 | E15: =(C15-2*D15)/1000 -> 0.2064 | F15: =SETTINGS!$B$6 -> 1.3888889 | G15: =SETTINGS!$B$17 -> 4.4 | H15: =4*F15/(G15*PI()*E15^2) -> 9.4342104 | I15: =G15*H15*E15/SETTINGS!$B$18 -> 428388.63 | J15: =IF(I15<2300,64/I15,0.25/(LOG10(SETTINGS!$B$16/(3.7*E15)+5.74/(I15^0.9))^2)) -> 0.015887247 | K15: 0.55 | L15: 0 | M15: =J15*(B15/E15)*(G15*H15^2/2) -> 54.259433 | N15: =K15*(G15*H15^2/2) -> 107.69524 | O15: =G15*SETTINGS!$B$9*L15 -> 0 | P15: =M15+N15+O15 -> 161.95467 | Q15: =P15/100000 -> 0.0016195467 | R15: =S14 -> 10.771675 | S15: =R15-Q15 -> 10.770055
A16: S15 | B16: 1.15 | C16: 219.1 | D16: 6.35 | E16: =(C16-2*D16)/1000 -> 0.2064 | F16: =SETTINGS!$B$6 -> 1.3888889 | G16: =SETTINGS!$B$17 -> 4.4 | H16: =4*F16/(G16*PI()*E16^2) -> 9.4342104 | I16: =G16*H16*E16/SETTINGS!$B$18 -> 428388.63 | J16: =IF(I16<2300,64/I16,0.25/(LOG10(SETTINGS!$B$16/(3.7*E16)+5.74/(I16^0.9))^2)) -> 0.015887247 | K16: =0 -> 0 | L16: 0 | M16: =J16*(B16/E16)*(G16*H16^2/2) -> 17.332874 | N16: =K16*(G16*H16^2/2) -> 0 | O16: =G16*SETTINGS!$B$9*L16 -> 0 | P16: =M16+N16+O16 -> 17.332874 | Q16: =P16/100000 -> 0.00017332874 | R16: =S15 -> 10.770055 | S16: =R16-Q16 -> 10.769882
A17: S16 | B17: 5 | C17: 219.1 | D17: 6.35 | E17: =(C17-2*D17)/1000 -> 0.2064 | F17: =SETTINGS!$B$6 -> 1.3888889 | G17: =SETTINGS!$B$17 -> 4.4 | H17: =4*F17/(G17*PI()*E17^2) -> 9.4342104 | I17: =G17*H17*E17/SETTINGS!$B$18 -> 428388.63 | J17: =IF(I17<2300,64/I17,0.25/(LOG10(SETTINGS!$B$16/(3.7*E17)+5.74/(I17^0.9))^2)) -> 0.015887247 | K17: 0.3 | L17: 0 | M17: =J17*(B17/E17)*(G17*H17^2/2) -> 75.360324 | N17: =K17*(G17*H17^2/2) -> 58.742856 | O17: =G17*SETTINGS!$B$9*L17 -> 0 | P17: =M17+N17+O17 -> 134.10318 | Q17: =P17/100000 -> 0.0013410318 | R17: =S16 -> 10.769882 | S17: =R17-Q17 -> 10.768541
A18: S17 | B18: 5 | C18: 219.1 | D18: 6.35 | E18: =(C18-2*D18)/1000 -> 0.2064 | F18: =SETTINGS!$B$6 -> 1.3888889 | G18: =SETTINGS!$B$17 -> 4.4 | H18: =4*F18/(G18*PI()*E18^2) -> 9.4342104 | I18: =G18*H18*E18/SETTINGS!$B$18 -> 428388.63 | J18: =IF(I18<2300,64/I18,0.25/(LOG10(SETTINGS!$B$16/(3.7*E18)+5.74/(I18^0.9))^2)) -> 0.015887247 | K18: 0.4 | L18: 0 | M18: =J18*(B18/E18)*(G18*H18^2/2) -> 75.360324 | N18: =K18*(G18*H18^2/2) -> 78.323808 | O18: =G18*SETTINGS!$B$9*L18 -> 0 | P18: =M18+N18+O18 -> 153.68413 | Q18: =P18/100000 -> 0.0015368413 | R18: =S17 -> 10.768541 | S18: =R18-Q18 -> 10.767004
A19: S18 | B19: 5 | C19: 219.1 | D19: 6.35 | E19: =(C19-2*D19)/1000 -> 0.2064 | F19: =SETTINGS!$B$6 -> 1.3888889 | G19: =SETTINGS!$B$17 -> 4.4 | H19: =4*F19/(G19*PI()*E19^2) -> 9.4342104 | I19: =G19*H19*E19/SETTINGS!$B$18 -> 428388.63 | J19: =IF(I19<2300,64/I19,0.25/(LOG10(SETTINGS!$B$16/(3.7*E19)+5.74/(I19^0.9))^2)) -> 0.015887247 | K19: 0.15 | L19: 0 | M19: =J19*(B19/E19)*(G19*H19^2/2) -> 75.360324 | N19: =K19*(G19*H19^2/2) -> 29.371428 | O19: =G19*SETTINGS!$B$9*L19 -> 0 | P19: =M19+N19+O19 -> 104.73175 | Q19: =P19/100000 -> 0.0010473175 | R19: =S18 -> 10.767004 | S19: =R19-Q19 -> 10.765957
A20: S19 | B20: 3.5 | C20: 219.1 | D20: 6.35 | E20: =(C20-2*D20)/1000 -> 0.2064 | F20: =SETTINGS!$B$6 -> 1.3888889 | G20: =SETTINGS!$B$17 -> 4.4 | H20: =4*F20/(G20*PI()*E20^2) -> 9.4342104 | I20: =G20*H20*E20/SETTINGS!$B$18 -> 428388.63 | J20: =IF(I20<2300,64/I20,0.25/(LOG10(SETTINGS!$B$16/(3.7*E20)+5.74/(I20^0.9))^2)) -> 0.015887247 | K20: =0 -> 0 | L20: 0 | M20: =J20*(B20/E20)*(G20*H20^2/2) -> 52.752227 | N20: =K20*(G20*H20^2/2) -> 0 | O20: =G20*SETTINGS!$B$9*L20 -> 0 | P20: =M20+N20+O20 -> 52.752227 | Q20: =P20/100000 -> 0.00052752227 | R20: =S19 -> 10.765957 | S20: =R20-Q20 -> 10.765429
A21: S20 | B21: 1 | C21: 219.1 | D21: 6.35 | E21: =(C21-2*D21)/1000 -> 0.2064 | F21: =SETTINGS!$B$6 -> 1.3888889 | G21: =SETTINGS!$B$17 -> 4.4 | H21: =4*F21/(G21*PI()*E21^2) -> 9.4342104 | I21: =G21*H21*E21/SETTINGS!$B$18 -> 428388.63 | J21: =IF(I21<2300,64/I21,0.25/(LOG10(SETTINGS!$B$16/(3.7*E21)+5.74/(I21^0.9))^2)) -> 0.015887247 | K21: =0 -> 0 | L21: 0 | M21: =J21*(B21/E21)*(G21*H21^2/2) -> 15.072065 | N21: =K21*(G21*H21^2/2) -> 0 | O21: =G21*SETTINGS!$B$9*L21 -> 0 | P21: =M21+N21+O21 -> 15.072065 | Q21: =P21/100000 -> 0.00015072065 | R21: =S20 -> 10.765429 | S21: =R21-Q21 -> 10.765278
A22: S21 | B22: 3 | C22: 219.1 | D22: 6.35 | E22: =(C22-2*D22)/1000 -> 0.2064 | F22: =SETTINGS!$B$6 -> 1.3888889 | G22: =SETTINGS!$B$17 -> 4.4 | H22: =4*F22/(G22*PI()*E22^2) -> 9.4342104 | I22: =G22*H22*E22/SETTINGS!$B$18 -> 428388.63 | J22: =IF(I22<2300,64/I22,0.25/(LOG10(SETTINGS!$B$16/(3.7*E22)+5.74/(I22^0.9))^2)) -> 0.015887247 | K22: =0 -> 0 | L22: 0 | M22: =J22*(B22/E22)*(G22*H22^2/2) -> 45.216194 | N22: =K22*(G22*H22^2/2) -> 0 | O22: =G22*SETTINGS!$B$9*L22 -> 0 | P22: =M22+N22+O22 -> 45.216194 | Q22: =P22/100000 -> 0.00045216194 | R22: =S21 -> 10.765278 | S22: =R22-Q22 -> 10.764826
A23: S22 | B23: 6 | C23: 219.1 | D23: 6.35 | E23: =(C23-2*D23)/1000 -> 0.2064 | F23: =SETTINGS!$B$6 -> 1.3888889 | G23: =SETTINGS!$B$17 -> 4.4 | H23: =4*F23/(G23*PI()*E23^2) -> 9.4342104 | I23: =G23*H23*E23/SETTINGS!$B$18 -> 428388.63 | J23: =IF(I23<2300,64/I23,0.25/(LOG10(SETTINGS!$B$16/(3.7*E23)+5.74/(I23^0.9))^2)) -> 0.015887247 | K23: =0 -> 0 | L23: 0 | M23: =J23*(B23/E23)*(G23*H23^2/2) -> 90.432389 | N23: =K23*(G23*H23^2/2) -> 0 | O23: =G23*SETTINGS!$B$9*L23 -> 0 | P23: =M23+N23+O23 -> 90.432389 | Q23: =P23/100000 -> 0.00090432389 | R23: =S22 -> 10.764826 | S23: =R23-Q23 -> 10.763922
A24: S23 | B24: 1.95 | C24: 219.1 | D24: 6.35 | E24: =(C24-2*D24)/1000 -> 0.2064 | F24: =SETTINGS!$B$6 -> 1.3888889 | G24: =SETTINGS!$B$17 -> 4.4 | H24: =4*F24/(G24*PI()*E24^2) -> 9.4342104 | I24: =G24*H24*E24/SETTINGS!$B$18 -> 428388.63 | J24: =IF(I24<2300,64/I24,0.25/(LOG10(SETTINGS!$B$16/(3.7*E24)+5.74/(I24^0.9))^2)) -> 0.015887247 | K24: =0 -> 0 | L24: 0 | M24: =J24*(B24/E24)*(G24*H24^2/2) -> 29.390526 | N24: =K24*(G24*H24^2/2) -> 0 | O24: =G24*SETTINGS!$B$9*L24 -> 0 | P24: =M24+N24+O24 -> 29.390526 | Q24: =P24/100000 -> 0.00029390526 | R24: =S23 -> 10.763922 | S24: =R24-Q24 -> 10.763628

Sheet SETTINGS
A2: Parameter | B2: Value | C2: Unit
A3: Start pressure | B3: 11 | C3: kg/cm²
A4: Temperature | B4: 320 | C4: °C
A5: Mass flow | B5: 5 | C5: tph
A6: Mass flow | B6: =B5*1000/3600 -> 1.3888889 | C6: Kg/s
A7: Atmospheric Pressure | B7: 1.01325 | C7: bar
A8: Start pressure | B8: =B3*0.980665+B7 -> 11.800565 | C8: bar
A9: Gravity | B9: 9.80665 | C9: m/s²
A10: Steam Properties
A11: Parameter | B11: Value | C11: Unit
A12: Main pipe OD | B12: 219.1 | C12: mm
A13: Wall Thickness | B13: 6.35 | C13: mm
A14: Main pipe ID | B14: =B12-2*B13 -> 206.4 | C14: mm
A15: Main pipe ID | B15: =B14/1000 -> 0.2064 | C15: mm
A16: Pipe Roughness | B16: 4.5e-05 | C16: mm
A17: Steam density | B17: 4.4 | C17: kg/m³
A18: Steam velocity | B18: 2e-05 | C18: pa.s
A19: Fitting Settings
A20: Component | B20: Count | C20: K per item | D20: Total K
A21: 90° elbow | C21: =B21*C21 -> 0
A22: Gate valve
A23: Globe valve
A24: Tee-through
A25: Tee-branch
A26: Reducer
A27: Total K | D27: =SUM(D21:D26) -> 0
